{"current":{"color_text":"#000000","color_body_text":"#000000","color_sale_text":"#46974c","color_button":"#000000","color_button_text":"#46974c","color_small_button_text_border":"#000000","color_text_field_border":"#46974c","color_text_field":"#e2e2e2","color_image_overlay":"#000000","image_overlay_opacity":51,"color_borders":"#000000","color_body_bg":"#ffffff","type_header_font":"prompt_n7","type_header_base_size":23,"type_base_font":"open_sans_n4","type_base_size":16,"predictive_search_show_price":true,"share_twitter":true,"social_twitter_link":"https:\/\/twitter.com\/Real_TrippyLeaf","social_facebook_link":"https:\/\/www.facebook.com\/profile.php?id=100074407436072","favicon":"shopify:\/\/shop_images\/logo_edited_1.png","checkout_logo_image":"shopify:\/\/shop_images\/logo.png","checkout_logo_position":"center","checkout_logo_size":"large","checkout_body_background_color":"#ffffff","checkout_input_background_color_mode":"white","checkout_sidebar_background_color":"#000000","checkout_heading_font":"Roboto","checkout_accent_color":"#46974c","checkout_button_color":"#000000","sections":{"header":{"type":"header","settings":{"align_logo":"left","logo":"shopify:\/\/shop_images\/Screenshot_2021-12-13_2.20.39_AM_d48f79cb-9032-4750-9e03-d24652e0ee39.png","logo_max_width":95,"main_linklist":"main-menu","message":true,"home_page_only":true,"message_text":"$TRPY now on trade.trippyleaf.com","message_link":"https:\/\/trade.trippyleaf.com\/#\/market\/3N4UgbUHUkwMU5DKFYRvz3HASbFjs3q9JLAYVRdEQvbp","color_bg":"#458b4b","color_text":"#ffffff"}},"feature-row":{"type":"feature-row","settings":{"layout":"left","title":"Image with text","text":"<p>Pair large text with an image to give focus to your chosen product, collection, or blog post. Add details on availability, style, or even provide a review.<\/p>","button_label":"","button_link":""}},"feature-columns":{"type":"feature-columns","blocks":{"feature-columns-0":{"type":"text_block","settings":{"enable_image":true,"image":"shopify:\/\/shop_images\/online-shopping.jpg","title":"Debit\/Credit Cards","text":"<p>Card payments are processed safely with Shopify Payments<\/p>","button_label":"","button_link":""}},"feature-columns-1":{"type":"text_block","settings":{"enable_image":true,"image":"shopify:\/\/shop_images\/crypto-investor-gold-btc-coin.jpg","title":"Cryptocurrency","text":"<p>Pay with Bitcoin, Ethereum, Dogecoin USDC stablecoin and more. Crypto payments are safely processed with Coinbase Commerce.<\/p>","button_label":"","button_link":""}},"feature-columns-2":{"type":"text_block","settings":{"enable_image":true,"image":"shopify:\/\/shop_images\/checkout-button.jpg","title":"Paypal & more","text":"<p>We also accept Paypal and many more payment options<\/p>","button_label":"","button_link":""}}},"block_order":["feature-columns-0","feature-columns-1","feature-columns-2"],"settings":{"title":"Multiple Payment Options at checkout","align_text":"center"}},"collection":{"type":"collection","settings":{"title":"Vast selection of CBD products at reasonable prices","collection":"front-page-collection","grid":4,"rows":1,"show_vendor":false,"show_view_all":true}},"quotes":{"type":"quotes","blocks":{"quotes-0":{"type":"quote","settings":{"quote":"<p><strong>\"Premium, affordable CBD products with multiple ways to pay and striving to meet each customers need. That's the standard we set, if we ever fail to meet those standards please reach out\"<\/strong><\/p>","author":"Ryan & Polly(Owners of Trippy Leaf)"}}},"block_order":["quotes-0"],"settings":{"title":"Great Service"}},"image-bar":{"type":"image-bar","blocks":{"image-bar-0":{"type":"image","settings":{"alignment":"center","link":"","cta_label":""}},"image-bar-1":{"type":"image","settings":{"alignment":"center","link":"","cta_label":""}},"image-bar-2":{"type":"image","settings":{"alignment":"center","link":"","cta_label":""}}},"block_order":["image-bar-0","image-bar-1","image-bar-2"],"settings":{"section_height":"medium"}},"footer":{"type":"footer","blocks":{"footer-0":{"type":"link_list","settings":{"title":"Quick links","menu":"footer"}}},"block_order":["footer-0"],"settings":{"show_payment_icons":true,"color_footer_bg":"#333232","color_footer_text":"#ffffff","show_currency_selector":true,"show_locale_selector":true}},"cart-template":{"type":"cart-template","settings":{"cart_ajax_enable":true,"cart_notes_enable":false}},"collection-template":{"type":"collection-template","settings":{"layout":"grid","grid":5,"rows":4,"show_collection_image":true,"show_vendor":false,"sort_enable":true,"tags_enable":true}},"product-template":{"type":"product-template","settings":{"show_quantity_selector":true,"show_vendor":false,"enable_payment_button":true,"show_share_buttons":true,"media_size":"small","enable_image_zoom":true,"enable_video_looping":false}},"product-recommendations":{"type":"product-recommendations","settings":{"show_product_recommendations":true,"heading":"You may also like","show_vendor":false}},"1639111929c5af8d90":{"type":"slideshow","blocks":{"1639111929c5af8d90-0":{"type":"image","settings":{"image":"shopify:\/\/shop_images\/photo-1631111893160-ccd28c04302d.jpg","alignment":"center center","slide_title":"Welcome to Trippy Leaf","subheading":"Premium CBD Products. Vast Selection. Multiple Payment Options. Great Service.","button_label":"","button_link":""}},"1639111929c5af8d90-1":{"type":"image","settings":{"image":"shopify:\/\/shop_images\/bitcoin-coin-on-bills-of-cash-money.jpg","alignment":"center top","slide_title":"MULTIPLE PAYMENT OPTIONS AT CHECKOUT","subheading":"Pay with Debit\/Credit Cards, Cryptocurrency, Paypal and more.","button_label":"","button_link":""}},"e5575b61-0902-4b08-afdb-09830fa74861":{"type":"image","settings":{"image":"shopify:\/\/shop_images\/hoodie.png","alignment":"center center","slide_title":"Great Service","subheading":"Affordable CBD products with multiple ways to pay and striving to meet each customers need","button_label":"","button_link":""}}},"block_order":["1639111929c5af8d90-0","1639111929c5af8d90-1","e5575b61-0902-4b08-afdb-09830fa74861"],"settings":{"slideshow_height":"small","text_size":"large","text_alignment":"center center","show_overlay":true,"autorotate":true,"autorotate_speed":5}},"list-collections-template":{"type":"list-collections-template","blocks":{"e9a2c5cd-6bae-422a-bcd9-221e9193615f":{"type":"collection","settings":{"collection":"bath-body-health"}}},"block_order":["e9a2c5cd-6bae-422a-bcd9-221e9193615f"],"settings":{"display_type":"all","sort":"alphabetical","grid":3}},"1639287866303a7ef9":{"type":"collection-list","blocks":{"1639287866303a7ef9-0":{"type":"featured_collection","settings":{"collection":"bath-body-health"}},"1639287866303a7ef9-1":{"type":"featured_collection","settings":{"collection":"bath-body"}},"1639287866303a7ef9-2":{"type":"featured_collection","settings":{"collection":"pets"}},"90cb9452-9b3f-42b6-b143-9c42fa8234a9":{"type":"featured_collection","settings":{"collection":"trippy-merch"}},"92368206-e104-4dce-82f7-669f9ec05807":{"type":"featured_collection","settings":{"collection":"vapes-pens-and-accessories"}},"3ea046ac-461b-4be4-a6d4-000f41bcff8c":{"type":"featured_collection","settings":{"collection":"rolling-trays"}},"2de7b1f0-5cf2-411f-8def-8280826d808e":{"type":"featured_collection","settings":{"collection":"tray-grinder-sets"}},"9d7677b3-4825-4163-b5a5-ac210fff1153":{"type":"featured_collection","settings":{"collection":"grinders"}}},"block_order":["1639287866303a7ef9-0","1639287866303a7ef9-1","1639287866303a7ef9-2","90cb9452-9b3f-42b6-b143-9c42fa8234a9","92368206-e104-4dce-82f7-669f9ec05807","3ea046ac-461b-4be4-a6d4-000f41bcff8c","2de7b1f0-5cf2-411f-8def-8280826d808e","9d7677b3-4825-4163-b5a5-ac210fff1153"],"settings":{"title":"Product Categories","grid":5}},"blog-template":{"type":"blog-template","settings":{"layout":"grid","blog_show_author":true,"blog_show_date":true}}},"content_for_index":["1639111929c5af8d90","1639287866303a7ef9"]},"presets":{"Default":{"sections":{"header":{"type":"header","settings":{}},"hero-1":{"type":"hero","settings":{"hero_size":"large","text_size":"large"}},"feature-row":{"type":"feature-row","settings":{}},"feature-columns":{"type":"feature-columns","blocks":{"feature-columns-0":{"type":"text_block","settings":{}},"feature-columns-1":{"type":"text_block","settings":{}},"feature-columns-2":{"type":"text_block","settings":{}}},"block_order":["feature-columns-0","feature-columns-1","feature-columns-2"],"settings":{"title":""}},"collection":{"type":"collection","settings":{"grid":4}},"hero-2":{"type":"hero","settings":{"text_size":"large"}},"quotes":{"type":"quotes","blocks":{"quotes-0":{"type":"quote","settings":{}},"quotes-1":{"type":"quote","settings":{}},"quotes-2":{"type":"quote","settings":{}}},"block_order":["quotes-0","quotes-1","quotes-2"],"settings":{"title":""}},"image-bar":{"type":"image-bar","blocks":{"image-bar-0":{"type":"image","settings":{}},"image-bar-1":{"type":"image","settings":{}},"image-bar-2":{"type":"image","settings":{}}},"block_order":["image-bar-0","image-bar-1","image-bar-2"],"settings":{}},"footer":{"type":"footer","blocks":{"footer-0":{"type":"link_list","settings":{}},"footer-1":{"type":"newsletter","settings":{}}},"block_order":["footer-0","footer-1"],"settings":{"show_payment_icons":true}}},"content_for_index":["hero-1","feature-row","feature-columns","collection","hero-2","quotes","image-bar"]},"Light":{"color_text":"#162950","color_body_text":"#6d6d6d","color_sale_text":"#DA2F0C","color_borders":"#e4e4e4","color_button":"#DA2F0C","color_button_text":"#ffffff","color_small_button_text_border":"#162950","color_text_field":"#ffffff","color_text_field_text":"#162950","color_text_field_border":"#909090","color_image_overlay_text":"#ffffff","color_image_overlay":"#3d3d3d","image_overlay_opacity":40,"color_body_bg":"#f8f8f8","type_header_font":"muli_n6","type_header_base_size":26,"type_base_font":"muli_n4","type_base_size":18,"share_facebook":true,"share_twitter":true,"share_pinterest":true,"social_twitter_link":"","social_facebook_link":"","social_pinterest_link":"","social_instagram_link":"","social_tumblr_link":"","social_snapchat_link":"","social_youtube_link":"","social_vimeo_link":"","favicon":"","checkout_header_image":"","checkout_logo_image":"","checkout_logo_position":"left","checkout_logo_size":"small","checkout_body_background_image":"","checkout_body_background_color":"#ffffff","checkout_input_background_color_mode":"white","checkout_sidebar_background_image":"","checkout_sidebar_background_color":"#e8f3f6","checkout_heading_font":"Roboto","checkout_body_font":"Source Sans Pro","checkout_accent_color":"#1990c6","checkout_button_color":"#23314e","checkout_error_color":"#ff6d6d","sections":{"header":{"type":"header","settings":{"align_logo":"left","logo":"","logo_max_width":135,"main_linklist":"main-menu","message":true,"color_bg":"#162950","color_text":"#ffffff"}},"hero":{"type":"hero","settings":{"alignment":"center","hero_size":"x-large","text_size":"large"}},"slideshow":{"type":"slideshow","blocks":{"slideshow-0":{"type":"image","settings":{"image":"","alignment":"center center"}},"1492095993817":{"type":"image","settings":{"image":"","alignment":"center"}}},"block_order":["slideshow-0","1492095993817"],"settings":{"slideshow_height":"medium","text_size":"medium","autorotate":false,"autorotate_speed":5}},"featured-collections":{"type":"collection","settings":{"grid":3,"rows":1,"show_vendor":true,"show_view_all":true}},"product-template":{"type":"product-template","settings":{"show_quantity_selector":false,"show_vendor":false,"show_share_buttons":true,"media_size":"medium","enable_image_zoom":true,"enable_video_looping":false}},"collection-template":{"type":"collection-template","settings":{"layout":"grid","grid":2,"rows":2,"show_collection_image":true,"show_vendor":false,"sort_enable":true,"tags_enable":true}},"1492033809691":{"type":"map","settings":{}},"1492033877875":{"type":"quotes","blocks":{"1492033877875-0":{"type":"quote","settings":{}}},"block_order":["1492033877875-0"],"settings":{}},"1492033924902":{"type":"custom-content","blocks":{"1492033924902-0":{"type":"text","settings":{"width":"100%","alignment":"center","align_text":"center"}}},"block_order":["1492033924902-0"],"settings":{"title":""}},"1492096252560":{"type":"collection-list","blocks":{"1492096252560-0":{"type":"featured_collection","settings":{}},"1492096252560-1":{"type":"featured_collection","settings":{}},"1492096252560-2":{"type":"featured_collection","settings":{}}},"block_order":["1492096252560-0","1492096252560-1","1492096252560-2"],"settings":{"grid":3}},"blog-template":{"type":"blog-template","settings":{"layout":"grid","blog_show_author":true,"blog_show_date":false}},"article-template":{"type":"article-template","settings":{"blog_show_author":true,"blog_show_date":true,"show_share_buttons":true}},"cart-template":{"type":"cart-template","settings":{"cart_notes_enable":false}},"footer":{"type":"footer","blocks":{"link_list":{"type":"link_list","settings":{}},"text":{"type":"text","settings":{}},"newsletter":{"type":"newsletter","settings":{}}},"block_order":["link_list","text","newsletter"],"settings":{"color_footer_bg":"#f8f8f8","color_footer_text":"#6d6d6d"}}},"content_for_index":["hero","featured-collections","slideshow","1492033924902","1492096252560","1492033877875","1492033809691"]}}}